{
    "中天快點TV": -0.06919534596034466,
    "自由時報": 0.10903835062740362,
    "聯合新聞網": 0.00804706961525241,
    "中央社": 0.10594197599163506,
    "TVBS": -0.6125964039055569,
    "中國時報": -0.010053383170122911,
    "SETN 三立新聞網": 0.07090501522955088,
    "大紀元": 0.022396715309373295,
    "ettoday": 0.5904452238849286,
    "民視新聞": 0.0,
    "台視新聞網": 0.25094625723136577,
    "Nownews 今日新聞": 0.2976999272451373,
    "新頭殼 Newtalk": 0.9512195121951219,
    "PChome新聞": 0.28572100917382115,
    "FT中文網": -1.0,
    "健康醫療網": -0.034721666616309634,
    "經濟日報": -0.2722384461850449,
    "中央廣播": 0.396591445807752,
    "TechNews 科技新聞": 0.8554143392490985,
    "MoneyDJ": 0.1365707136619697,
    "華視新聞": -0.004935366162920624,
    "鏡週刊": 0.44947728864075165,
    "HiNet-中華電信HiNet網路服務入口": 0.22279525246672968,
    "公共電視": 0.45262146838433004,
    "遠見雜誌": 0.37342042515925,
    "今周刊": -0.003408270736988425,
    "華人健康網": 0.1046900353360654,
    "早安健康": -0.875,
    "商業週刊": 0.0,
    "噓星聞": 1.0,
    "德國之聲中文網": -0.07692307692307691,
    "法廣": 0.3333333333333333
}